{"cameraMode":{"drawMode":0,"name":"Shaded","section":"Shading Mode"},"sceneLighting":false,"audioPlay":false,"sceneViewState":{"showFog":true,"showMaterialUpdate":true,"showSkybox":false,"showFlares":true,"showImageEffects":true,"showParticleSystems":true},"in2DMode":false,"pivot":{"x":5.84600830078125,"y":231.03768920898438,"z":7.668300151824951},"rotation":{"x":0.8787395358085632,"y":0.016454853117465974,"z":-0.031431011855602267,"w":0.4763016104698181},"size":948.897705078125,"orthographic":false}