{"cameraMode":{"drawMode":0,"name":"Shaded","section":"Shading Mode"},"sceneLighting":false,"audioPlay":false,"sceneViewState":{"showFog":true,"showMaterialUpdate":true,"showSkybox":false,"showFlares":true,"showImageEffects":true,"showParticleSystems":true},"in2DMode":false,"pivot":{"x":-202.693359375,"y":5.397087097167969,"z":6.577091217041016},"rotation":{"x":-0.8428654074668884,"y":-0.07428670674562454,"z":0.12076237052679062,"w":-0.5193177461624146},"size":1214.7166748046875,"orthographic":false}