{"cameraMode":{"drawMode":0,"name":"Shaded","section":"Shading Mode"},"sceneLighting":false,"audioPlay":false,"sceneViewState":{"showFog":true,"showMaterialUpdate":true,"showSkybox":false,"showFlares":true,"showImageEffects":true,"showParticleSystems":true},"in2DMode":false,"pivot":{"x":644.5250244140625,"y":400.0000305175781,"z":0.0},"rotation":{"x":-0.1494942456483841,"y":0.031071890145540239,"z":-0.005300284828990698,"w":-0.9885035157203674},"size":2503.246337890625,"orthographic":true}