{"cameraMode":{"drawMode":0,"name":"Shaded","section":"Shading Mode"},"sceneLighting":false,"audioPlay":false,"sceneViewState":{"showFog":false,"showMaterialUpdate":false,"showSkybox":false,"showFlares":false,"showImageEffects":false,"showParticleSystems":false},"in2DMode":false,"pivot":{"x":19.809999465942384,"y":1.121196985244751,"z":-2.628861427307129},"rotation":{"x":0.016610095277428628,"y":0.022516613826155664,"z":-0.0003320057294331491,"w":0.9996849298477173},"size":5.808722972869873,"orthographic":false}